Workbook

Sheet Read Me
B2: Judgment Content Analysis · Dataset template
B4: How to use this file
B5: 1. Fill the Team sheet.
B6: 2. In the Data sheet, enter one row per judgment starting at row 6. Row 5 is a made-up example showing the format; leave it as it is.
B7: 3. Pale yellow cells are yours to fill. Dropdown columns accept only the listed values (see the Vocabularies sheet). Do not add, delete or reorder columns.
B8: 4. When done, rename this file data.xlsx. Also save the Data sheet as data.csv (File > Save As > CSV). Upload both to your GitHub repository.
B9: 5. Read the Option 2 Guide for the column meanings, the charts, GitHub steps and the README.

Sheet Team
B2: Team information
B4: Topic | C4: Copyright Act, 1957, Section - 57, Moral Rights of Authors
B5: Court | C5: Delhi High Court
B6: Team name | C6: Team - 01
B7: GitHub repository link
B8: Member 1 · name and section | C8: Simran Pawar, Section - B
B9: Member 2 · name and section | C9: Simran Manchanda, Section - B
B10: Member 3 · name and section (if any) | C10: Sargam Gandotra, Section - B
B11: Member 4 · name and section (if any) | C11: Medha Yugshree, Section - B
B12: Member 5 · name and section (if any) | C12: Raghvendra Dixit, Section - B
B13: Date completed (DD-MM-YYYY) | C13: 46320

Sheet Dataset
A1: Data · one row per judgment
A2: Row 5 is a made-up example. Your judgments start at row 6. Enter 10 to 20 judgments decided between 01-09-2021 and 31-08-2026. See the Option 2 Guide, section 4.
A4: # | B4: Case name | C4: Citation or case number | D4: Date of decision (DD-MM-YYYY) | E4: Year | F4: Bench strength | G4: Type of case | H4: Who brought the case | I4: Outcome | J4: Who won | K4: Main provision | L4: Issue in one line | M4: Holding in one line | N4: Precedent chiefly relied on | O4: Source link (official copy) | P4: Coded by
A5: EX | B5: Example Petitioner v. State of Maharashtra (made-up) | C5: 2024 INSC 000 (made-up) | D5: 15-03-2024 | E5: 2024 | F5: 2 | G5: Criminal appeal | H5: Individual | I5: Allowed | J5: Individual | K5: s 438 CrPC | L5: Whether anticipatory bail can be limited to a fixed period. | M5: Bail granted; protection ordinarily lasts till the end of trial. | N5: Sushila Aggarwal v. State (NCT of Delhi) | O5: https://www.sci.gov.in/judgements/ (made-up) | P5: A. Deshmukh
A6: 1 | B6: Aude Priya Donatelle Wacziarg EP Engel & Ors v. Pan Macmillan Publishing India Private Limited & Ors | C6: CS(COMM) 568/2020 And I.As.12618-20/2020, 2691/2021 | D6: 45184 | E6: 2023 | F6: 1 | G6: Other | H6: Other | I6: Partly allowed | J6: Mixed or unclear | K6: S 57 of Copyright Act, 1957 | L6: Whether the publication and circulation of "A Remarkable Friendship", including alleged defamatory statements and reproduction of private letters, violated the plaintiff's right to copyright, privacy, reputation etc. | M6: The Suit was decreed by consent. The book could be published with agreed deletions, specified copyright related reliefs were granted, and certain claims were not pressed | N6: none | O6: http://www.scconline.com/DocumentLink/INCEN2Sx | P6: Simran Manchanda
A7: 2 | B7: St+Art India Foundation and Another v. Acko General Insurance | C7: CS(COMM) 822/2023 And I.As. 22638/2023, 22639/2023, 22640/2023, 22641/2023, 22642/2023 & 22643/2023 | D7: 45240 | E7: 2023 | F7: 1 | G7: Other | H7: Association or NGO | I7: Other | J7: Mixed or unclear | K7: Section 2(c)(i) and Section 13(1)(a), 52(1) (t), 52 (1) (u) and 57of the Copyright Act, 1957. | L7: Whether Acko's commercial use of the mural Humanity in advertisements infringed copyright or qualified for statutory exception concerning artistic works in public places | M7: The court directed Acko to remove online posts displaying the mural within 72 hours, while leaving the substantive question of copyright infringement and fair dealing open for adjudication. | N7: Yamini Manohar v. T.K.D Keerthi - For granting exemption from instituting pre-litigation mediation, under Section 12A of the Commercial Courts Act. | O7: http://www.scconline.com/DocumentLink/89tJ9tAc | P7: Medha Yugshree
A8: 3 | B8: Envitech Consultants India Pvt. Ltd. v. Rudrabhishek Enterprises Limited & Ors | C8: S(COMM) 892/2023, I.A. 25294/2023, I.A. 31835/2024 & I.A. 32699/2024 | D8: 45985 | E8: 2025 | F8: 1 | G8: Other | H8: Company | I8: Dismissed | J8: Company | K8: Section 2(k), 17(d), 28, 55, 57 and 58 of the Copyright Act, 1957 and Order VII Rule 11 CPC | L8: Whether the plaintiff's copyright infringement suit over detailed project reports could be rejected at the threshold on the grounds tha the work belonged to the governement and that the damages claim was undervalued | M8: The defendant's application for rejection of plaint was dismissed because ownership questions required adjudication and examination on merits and the plaint disclosed a cause of action. | N8: Amar Nath Sehgal v. Union of India - for establishing COA and Cryogas Equipment (P) Ltd. v. Inox India Ltd. And Central Bank of India v. Prabha Jain - for rejection of plaint and dicussing merits of case while deciding whether Plaint discloses COA | O8: http://www.scconline.com/DocumentLink/qPUtCVRj | P8: Sargam Gandotra
A9: 4 | B9: GAURAV GARG v. ALY MORANI & Ors | C9: CS (Comm.) No. 200 of 2018 | D9: 46031 | E9: 2026 | F9: 1 | G9: Other | H9: Individual | I9: Dismissed | J9: Company | K9: Section 17( c) and s 57 of the Copyright Act | L9: Wheter the plaintiff, who claimed to have conceptualised the IPL Awards event, was entitled to authorship attribution, protection of moral rights and other reliefs despite the defendants' assertion that the the work was created during his employment | M9: The suit was dismissed as entitlement to relief under Section 57 of copyright act or proof of infringement was insufficient. The Plaintiff was held not to be owner of copyright due to insufficient evidence and unreliable documents and as per Sec. 17 ( c) of the Act. | N9: Rediff.com India Ltd. v. E-Eighteen.com Ltd.6 and Sanjay Kumar Gupta v. Sony Pictures Networks India (P) Ltd for scope of copyright | O9: http://www.scconline.com/DocumentLink/JUu95Ybq | P9: Simran Pawar

Sheet Chart counts
A1: Counts for your charts (these update automatically from the Data sheet)
A2: Select a table below, then Insert > Chart in Excel or Google Sheets. Save each chart as PNG.
A4: Year | B4: Judgments
A5: 2021 | B5: =COUNTIF(Dataset!E$6:E$25,A5) -> 0
A6: 2022 | B6: =COUNTIF(Dataset!E$6:E$25,A6) -> 0
A7: 2023 | B7: =COUNTIF(Dataset!E$6:E$25,A7) -> 2
A8: 2024 | B8: =COUNTIF(Dataset!E$6:E$25,A8) -> 0
A9: 2025 | B9: =COUNTIF(Dataset!E$6:E$25,A9) -> 1
A10: 2026 | B10: =COUNTIF(Dataset!E$6:E$25,A10) -> 1
A12: Outcome | B12: Judgments
A13: Allowed | B13: =COUNTIF(Dataset!I$6:I$25,A13) -> 0
A14: Dismissed | B14: =COUNTIF(Dataset!I$6:I$25,A14) -> 2
A15: Partly allowed | B15: =COUNTIF(Dataset!I$6:I$25,A15) -> 1
A16: Other | B16: =COUNTIF(Dataset!I$6:I$25,A16) -> 1
A18: Who brought the case | B18: Judgments
A19: Individual | B19: =COUNTIF(Dataset!H$6:H$25,A19) -> 1
A20: Company | B20: =COUNTIF(Dataset!H$6:H$25,A20) -> 1
A21: State or public body | B21: =COUNTIF(Dataset!H$6:H$25,A21) -> 0
A22: Association or NGO | B22: =COUNTIF(Dataset!H$6:H$25,A22) -> 1
A23: Other | B23: =COUNTIF(Dataset!H$6:H$25,A23) -> 1
A25: Who won | B25: Judgments
A26: Individual | B26: =COUNTIF(Dataset!J$6:J$25,A26) -> 0
A27: Company | B27: =COUNTIF(Dataset!J$6:J$25,A27) -> 2
A28: State or public body | B28: =COUNTIF(Dataset!J$6:J$25,A28) -> 0
A29: Association or NGO | B29: =COUNTIF(Dataset!J$6:J$25,A29) -> 0
A30: Mixed or unclear | B30: =COUNTIF(Dataset!J$6:J$25,A30) -> 2
A32: Type of case | B32: Judgments
A33: Writ petition | B33: =COUNTIF(Dataset!G$6:G$25,A33) -> 0
A34: Civil appeal | B34: =COUNTIF(Dataset!G$6:G$25,A34) -> 0
A35: Criminal appeal | B35: =COUNTIF(Dataset!G$6:G$25,A35) -> 0
A36: SLP | B36: =COUNTIF(Dataset!G$6:G$25,A36) -> 0
A37: Other | B37: =COUNTIF(Dataset!G$6:G$25,A37) -> 4

Sheet Vocabularies
A1: Lists used by the dropdowns (do not edit)
A2: Type of case | B2: Who brought the case | C2: Outcome | D2: Who won
A3: Writ petition | B3: Individual | C3: Allowed | D3: Individual
A4: Civil appeal | B4: Company | C4: Dismissed | D4: Company
A5: Criminal appeal | B5: State or public body | C5: Partly allowed | D5: State or public body
A6: SLP | B6: Association or NGO | C6: Other | D6: Association or NGO
A7: Other | B7: Other | D7: Mixed or unclear
